INSERT INTO [HoroscopeSigns]([Id],[Sign])
VALUES ('{FC9C8C6A-95E1-4A73-B7D3-4FD4E952CE9E}', 0)
INSERT INTO [HoroscopeSigns]([Id],[Sign])
VALUES ('{C18B06A0-7D6D-4525-B107-0F55AC182CFC}', 1)
INSERT INTO [HoroscopeSigns]([Id],[Sign])
VALUES ('{5484FFAF-D432-4459-955E-F618539FC430}', 2)
INSERT INTO [HoroscopeSigns]([Id],[Sign])
VALUES ('{1DF90C69-A9F0-4B02-BCEE-7575477D4BC7}', 3)
INSERT INTO [HoroscopeSigns]([Id],[Sign])
VALUES ('{8D13BFFE-B02B-434E-AB3F-B3DB6C88B4B3}', 4)
INSERT INTO [HoroscopeSigns]([Id],[Sign])
VALUES ('{25B24B4F-C712-4192-A695-D07B7D3C96EA}', 5)
INSERT INTO [HoroscopeSigns]([Id],[Sign])
VALUES ('{5A9CDF4A-A2FC-4828-ACE9-BF6FC878C81E}', 6)
INSERT INTO [HoroscopeSigns]([Id],[Sign])
VALUES ('{25FEB136-6DFF-4BAC-8A0A-38C408D6B6B3}', 7)
INSERT INTO [HoroscopeSigns]([Id],[Sign])
VALUES ('{E1677556-2E44-4761-80C1-307374209A41}', 8)
INSERT INTO [HoroscopeSigns]([Id],[Sign])
VALUES ('{4CD31193-D4E6-45AF-A3AC-86F0FB2BA8DD}', 9)
INSERT INTO [HoroscopeSigns]([Id],[Sign])
VALUES ('{CB69544B-811E-4396-91F6-9F8204C93BFF}', 10)
INSERT INTO [HoroscopeSigns]([Id],[Sign])
VALUES ('{1F38C417-B306-4FAE-967B-4C09A646BC8D}', 11)

INSERT INTO [HoroscopeSets]
           ([Id]
           ,[SetNumber]
           ,[GeneratedOn])
     VALUES
           ('{16D8CEFD-A343-4EE2-B602-6B5D27C0656D}'
           ,1
           ,'06-11-2014')
INSERT INTO [HoroscopeSets]
           ([Id]
           ,[SetNumber]
           ,[GeneratedOn])
     VALUES
           ('{9EF090B1-E4AA-4DF4-B81B-43EB6454B802}'
           ,2
           ,'08-25-2014')
INSERT INTO [HoroscopeSets]
           ([Id]
           ,[SetNumber]
           ,[GeneratedOn])
     VALUES
           ('{17E9DAFD-1B59-439E-BA5B-A0F6A00B4641}'
           ,3
           ,'08-25-2014')
INSERT INTO [HoroscopeSets]
           ([Id]
           ,[SetNumber]
           ,[GeneratedOn])
     VALUES
           ('{24081DF7-3C4E-430D-B75E-ACA7AD9C5E4B}'
           ,4
           ,'08-25-2014')

INSERT INTO [HoroscopeQrCodes]
([Id],[HoroscopeSignId],[HoroscopeSetId],[LongURL],[ShortURL])
 VALUES
           ('55c56a74-48ae-47e2-a113-4b5621986c64'
           ,'FC9C8C6A-95E1-4A73-B7D3-4FD4E952CE9E'
           ,'{16D8CEFD-A343-4EE2-B602-6B5D27C0656D}'
           ,'qrj.azurewebsites.net/PublicPages/Horoscope/View.aspx?id=55c56a74-48ae-47e2-a113-4b5621986c64'
           ,'goo.gl/3Ychx9')
INSERT INTO [HoroscopeQrCodes]
([Id],[HoroscopeSignId],[HoroscopeSetId],[LongURL],[ShortURL])
 VALUES
           ('6a9286e9-de79-482f-9922-1aec4dd33de1'
           ,'C18B06A0-7D6D-4525-B107-0F55AC182CFC'
           ,'{16D8CEFD-A343-4EE2-B602-6B5D27C0656D}'
           ,'qrj.azurewebsites.net/PublicPages/Horoscope/View.aspx?id=6a9286e9-de79-482f-9922-1aec4dd33de1'
           ,'goo.gl/1o3yps')
INSERT INTO [HoroscopeQrCodes]
([Id],[HoroscopeSignId],[HoroscopeSetId],[LongURL],[ShortURL])
 VALUES
           ('3f379b6b-b421-4fdf-9805-f0f54f4a3c9c'
           ,'5484FFAF-D432-4459-955E-F618539FC430'
           ,'{16D8CEFD-A343-4EE2-B602-6B5D27C0656D}'
           ,'qrj.azurewebsites.net/PublicPages/Horoscope/View.aspx?id=3f379b6b-b421-4fdf-9805-f0f54f4a3c9c'
           ,'goo.gl/2JhBTW')
INSERT INTO [HoroscopeQrCodes]
([Id],[HoroscopeSignId],[HoroscopeSetId],[LongURL],[ShortURL])
 VALUES
           ('b6671247-a5c2-4536-a343-b0904ad6dbef'
           ,'1DF90C69-A9F0-4B02-BCEE-7575477D4BC7'
           ,'{16D8CEFD-A343-4EE2-B602-6B5D27C0656D}'
           ,'qrj.azurewebsites.net/PublicPages/Horoscope/View.aspx?id=b6671247-a5c2-4536-a343-b0904ad6dbef'
           ,'goo.gl/d1xkoI')
INSERT INTO [HoroscopeQrCodes]
([Id],[HoroscopeSignId],[HoroscopeSetId],[LongURL],[ShortURL])
 VALUES
           ('5ed2ee99-f54b-484b-9ffc-9b3c82863a0e'
           ,'8D13BFFE-B02B-434E-AB3F-B3DB6C88B4B3'
           ,'{16D8CEFD-A343-4EE2-B602-6B5D27C0656D}'
           ,'qrj.azurewebsites.net/PublicPages/Horoscope/View.aspx?id=5ed2ee99-f54b-484b-9ffc-9b3c82863a0e'
           ,'goo.gl/k9f0I0')
INSERT INTO [HoroscopeQrCodes]
([Id],[HoroscopeSignId],[HoroscopeSetId],[LongURL],[ShortURL])
 VALUES
           ('a9c6219a-49c8-4eb0-b5e5-22302d2620ee'
           ,'25B24B4F-C712-4192-A695-D07B7D3C96EA'
           ,'{16D8CEFD-A343-4EE2-B602-6B5D27C0656D}'
           ,'qrj.azurewebsites.net/PublicPages/Horoscope/View.aspx?id=a9c6219a-49c8-4eb0-b5e5-22302d2620ee'
           ,'goo.gl/OAp6iR')
INSERT INTO [HoroscopeQrCodes]
([Id],[HoroscopeSignId],[HoroscopeSetId],[LongURL],[ShortURL])
 VALUES
           ('959d6231-091d-468c-9f14-1bb129134344'
           ,'5A9CDF4A-A2FC-4828-ACE9-BF6FC878C81E'
           ,'{16D8CEFD-A343-4EE2-B602-6B5D27C0656D}'
           ,'qrj.azurewebsites.net/PublicPages/Horoscope/View.aspx?id=959d6231-091d-468c-9f14-1bb129134344'
           ,'goo.gl/PEXOjW')
INSERT INTO [HoroscopeQrCodes]
([Id],[HoroscopeSignId],[HoroscopeSetId],[LongURL],[ShortURL])
 VALUES
           ('f31f19bc-56d6-4d12-ba24-4dfc046ec5d5'
           ,'25FEB136-6DFF-4BAC-8A0A-38C408D6B6B3'
           ,'{16D8CEFD-A343-4EE2-B602-6B5D27C0656D}'
           ,'qrj.azurewebsites.net/PublicPages/Horoscope/View.aspx?id=f31f19bc-56d6-4d12-ba24-4dfc046ec5d5'
           ,'goo.gl/aRUi4a')
INSERT INTO [HoroscopeQrCodes]
([Id],[HoroscopeSignId],[HoroscopeSetId],[LongURL],[ShortURL])
 VALUES
           ('08a3daaa-0c35-493f-ae65-2b3324cd6664'
           ,'E1677556-2E44-4761-80C1-307374209A41'
           ,'{16D8CEFD-A343-4EE2-B602-6B5D27C0656D}'
           ,'qrj.azurewebsites.net/PublicPages/Horoscope/View.aspx?id=08a3daaa-0c35-493f-ae65-2b3324cd6664'
           ,'goo.gl/FeQJ2q')
INSERT INTO [HoroscopeQrCodes]
([Id],[HoroscopeSignId],[HoroscopeSetId],[LongURL],[ShortURL])
 VALUES
           ('4e4675df-3550-4cd7-9543-f34648c765d2'
           ,'4CD31193-D4E6-45AF-A3AC-86F0FB2BA8DD'
           ,'{16D8CEFD-A343-4EE2-B602-6B5D27C0656D}'
           ,'qrj.azurewebsites.net/PublicPages/Horoscope/View.aspx?id=4e4675df-3550-4cd7-9543-f34648c765d2'
           ,'goo.gl/ECdD3o')
INSERT INTO [HoroscopeQrCodes]
([Id],[HoroscopeSignId],[HoroscopeSetId],[LongURL],[ShortURL])
 VALUES
           ('10580727-904c-4dbb-9f76-8510a1ebb38c'
           ,'CB69544B-811E-4396-91F6-9F8204C93BFF'
           ,'{16D8CEFD-A343-4EE2-B602-6B5D27C0656D}'
           ,'qrj.azurewebsites.net/PublicPages/Horoscope/View.aspx?id=10580727-904c-4dbb-9f76-8510a1ebb38c'
           ,'goo.gl/0bpWlG')
INSERT INTO [HoroscopeQrCodes]
([Id],[HoroscopeSignId],[HoroscopeSetId],[LongURL],[ShortURL])
 VALUES
           ('e1345010-6038-4655-9a18-02b4a04fcd5a'
           ,'1F38C417-B306-4FAE-967B-4C09A646BC8D'
           ,'{16D8CEFD-A343-4EE2-B602-6B5D27C0656D}'
           ,'qrj.azurewebsites.net/PublicPages/Horoscope/View.aspx?id=e1345010-6038-4655-9a18-02b4a04fcd5a'
           ,'goo.gl/hyGZ3g')



INSERT INTO [HoroscopeQrCodes]
([Id],[HoroscopeSignId],[HoroscopeSetId],[LongURL],[ShortURL])
 VALUES
           ('f65c087c-9925-4f73-b794-6d0c3dfa8bdc'
           ,'FC9C8C6A-95E1-4A73-B7D3-4FD4E952CE9E'
           ,'{9EF090B1-E4AA-4DF4-B81B-43EB6454B802}'
           ,'qrj.azurewebsites.net/PublicPages/Horoscope/View.aspx?id=f65c087c-9925-4f73-b794-6d0c3dfa8bdc'
           ,'goo.gl/tbDQIz')
INSERT INTO [HoroscopeQrCodes]
([Id],[HoroscopeSignId],[HoroscopeSetId],[LongURL],[ShortURL])
 VALUES
           ('75634431-10f6-4f8f-bec4-7973ae3bdfdc'
           ,'C18B06A0-7D6D-4525-B107-0F55AC182CFC'
           ,'{9EF090B1-E4AA-4DF4-B81B-43EB6454B802}'
           ,'qrj.azurewebsites.net/PublicPages/Horoscope/View.aspx?id=75634431-10f6-4f8f-bec4-7973ae3bdfdc'
           ,'goo.gl/941FeV')
INSERT INTO [HoroscopeQrCodes]
([Id],[HoroscopeSignId],[HoroscopeSetId],[LongURL],[ShortURL])
 VALUES
           ('a093646f-6b87-481e-9d3d-e4761f0db8b1'
           ,'5484FFAF-D432-4459-955E-F618539FC430'
           ,'{9EF090B1-E4AA-4DF4-B81B-43EB6454B802}'
           ,'qrj.azurewebsites.net/PublicPages/Horoscope/View.aspx?id=a093646f-6b87-481e-9d3d-e4761f0db8b1'
           ,'goo.gl/17jDrr')
INSERT INTO [HoroscopeQrCodes]
([Id],[HoroscopeSignId],[HoroscopeSetId],[LongURL],[ShortURL])
 VALUES
           ('131fc486-4978-4124-85be-4f8447768292'
           ,'1DF90C69-A9F0-4B02-BCEE-7575477D4BC7'
           ,'{9EF090B1-E4AA-4DF4-B81B-43EB6454B802}'
           ,'qrj.azurewebsites.net/PublicPages/Horoscope/View.aspx?id=131fc486-4978-4124-85be-4f8447768292'
           ,'goo.gl/U8l8Qx')
INSERT INTO [HoroscopeQrCodes]
([Id],[HoroscopeSignId],[HoroscopeSetId],[LongURL],[ShortURL])
 VALUES
           ('191235d3-8df2-42ce-8766-3e910318779d'
           ,'8D13BFFE-B02B-434E-AB3F-B3DB6C88B4B3'
           ,'{9EF090B1-E4AA-4DF4-B81B-43EB6454B802}'
           ,'qrj.azurewebsites.net/PublicPages/Horoscope/View.aspx?id=191235d3-8df2-42ce-8766-3e910318779d'
           ,'goo.gl/bPIUpR')
INSERT INTO [HoroscopeQrCodes]
([Id],[HoroscopeSignId],[HoroscopeSetId],[LongURL],[ShortURL])
 VALUES
           ('8f949302-9e19-4efa-8e73-3607744a8c99'
           ,'25B24B4F-C712-4192-A695-D07B7D3C96EA'
           ,'{9EF090B1-E4AA-4DF4-B81B-43EB6454B802}'
           ,'qrj.azurewebsites.net/PublicPages/Horoscope/View.aspx?id=8f949302-9e19-4efa-8e73-3607744a8c99'
           ,'goo.gl/QlArR6')
INSERT INTO [HoroscopeQrCodes]
([Id],[HoroscopeSignId],[HoroscopeSetId],[LongURL],[ShortURL])
 VALUES
           ('64ca09b7-1ae0-4b89-979c-5d14efa9b475'
           ,'5A9CDF4A-A2FC-4828-ACE9-BF6FC878C81E'
           ,'{9EF090B1-E4AA-4DF4-B81B-43EB6454B802}'
           ,'qrj.azurewebsites.net/PublicPages/Horoscope/View.aspx?id=64ca09b7-1ae0-4b89-979c-5d14efa9b475'
           ,'goo.gl/1cvYN7')
INSERT INTO [HoroscopeQrCodes]
([Id],[HoroscopeSignId],[HoroscopeSetId],[LongURL],[ShortURL])
 VALUES
           ('b2d14561-6d91-4d96-8498-21083bd29e1a'
           ,'25FEB136-6DFF-4BAC-8A0A-38C408D6B6B3'
           ,'{9EF090B1-E4AA-4DF4-B81B-43EB6454B802}'
           ,'qrj.azurewebsites.net/PublicPages/Horoscope/View.aspx?id=b2d14561-6d91-4d96-8498-21083bd29e1a'
           ,'goo.gl/1ZAYFC')
INSERT INTO [HoroscopeQrCodes]
([Id],[HoroscopeSignId],[HoroscopeSetId],[LongURL],[ShortURL])
 VALUES
           ('6be084d9-1f5d-428c-bde6-49e76af53575'
           ,'E1677556-2E44-4761-80C1-307374209A41'
           ,'{9EF090B1-E4AA-4DF4-B81B-43EB6454B802}'
           ,'qrj.azurewebsites.net/PublicPages/Horoscope/View.aspx?id=6be084d9-1f5d-428c-bde6-49e76af53575'
           ,'goo.gl/A1HGZA')
INSERT INTO [HoroscopeQrCodes]
([Id],[HoroscopeSignId],[HoroscopeSetId],[LongURL],[ShortURL])
 VALUES
           ('e9902cca-b2ad-49a3-bd30-a7cf2a63630b'
           ,'4CD31193-D4E6-45AF-A3AC-86F0FB2BA8DD'
           ,'{9EF090B1-E4AA-4DF4-B81B-43EB6454B802}'
           ,'qrj.azurewebsites.net/PublicPages/Horoscope/View.aspx?id=e9902cca-b2ad-49a3-bd30-a7cf2a63630b'
           ,'goo.gl/KFtLu8')
INSERT INTO [HoroscopeQrCodes]
([Id],[HoroscopeSignId],[HoroscopeSetId],[LongURL],[ShortURL])
 VALUES
           ('0f9b55dd-9712-4cec-909b-3deb25de9c20'
           ,'CB69544B-811E-4396-91F6-9F8204C93BFF'
           ,'{9EF090B1-E4AA-4DF4-B81B-43EB6454B802}'
           ,'qrj.azurewebsites.net/PublicPages/Horoscope/View.aspx?id=0f9b55dd-9712-4cec-909b-3deb25de9c20'
           ,'goo.gl/X0fFfL')
INSERT INTO [HoroscopeQrCodes]
([Id],[HoroscopeSignId],[HoroscopeSetId],[LongURL],[ShortURL])
 VALUES
           ('610ba08b-229b-4741-8423-0f08fd1f7619'
           ,'1F38C417-B306-4FAE-967B-4C09A646BC8D'
           ,'{9EF090B1-E4AA-4DF4-B81B-43EB6454B802}'
           ,'qrj.azurewebsites.net/PublicPages/Horoscope/View.aspx?id=610ba08b-229b-4741-8423-0f08fd1f7619'
           ,'goo.gl/1YiZaJ')



INSERT INTO [HoroscopeQrCodes]
([Id],[HoroscopeSignId],[HoroscopeSetId],[LongURL],[ShortURL])
 VALUES
           ('b90c6784-cc8f-4882-86ec-e01be8afc45b'
           ,'FC9C8C6A-95E1-4A73-B7D3-4FD4E952CE9E'
           ,'{17E9DAFD-1B59-439E-BA5B-A0F6A00B4641}'
           ,'qrj.azurewebsites.net/PublicPages/Horoscope/View.aspx?id=b90c6784-cc8f-4882-86ec-e01be8afc45b'
           ,'goo.gl/3x1Cuz')
INSERT INTO [HoroscopeQrCodes]
([Id],[HoroscopeSignId],[HoroscopeSetId],[LongURL],[ShortURL])
 VALUES
           ('76f211a8-8c6f-4a16-be95-e1ea38afcb06'
           ,'C18B06A0-7D6D-4525-B107-0F55AC182CFC'
           ,'{17E9DAFD-1B59-439E-BA5B-A0F6A00B4641}'
           ,'qrj.azurewebsites.net/PublicPages/Horoscope/View.aspx?id=76f211a8-8c6f-4a16-be95-e1ea38afcb06'
           ,'goo.gl/ILmy4Q')
INSERT INTO [HoroscopeQrCodes]
([Id],[HoroscopeSignId],[HoroscopeSetId],[LongURL],[ShortURL])
 VALUES
           ('df15a63f-839a-4cb1-a73c-56bd95fc22e1'
           ,'5484FFAF-D432-4459-955E-F618539FC430'
           ,'{17E9DAFD-1B59-439E-BA5B-A0F6A00B4641}'
           ,'qrj.azurewebsites.net/PublicPages/Horoscope/View.aspx?id=df15a63f-839a-4cb1-a73c-56bd95fc22e1'
           ,'goo.gl/2QylL1')
INSERT INTO [HoroscopeQrCodes]
([Id],[HoroscopeSignId],[HoroscopeSetId],[LongURL],[ShortURL])
 VALUES
           ('4d73e48b-990a-4fde-9c46-364ac56ac02a'
           ,'1DF90C69-A9F0-4B02-BCEE-7575477D4BC7'
           ,'{17E9DAFD-1B59-439E-BA5B-A0F6A00B4641}'
           ,'qrj.azurewebsites.net/PublicPages/Horoscope/View.aspx?id=4d73e48b-990a-4fde-9c46-364ac56ac02a'
           ,'goo.gl/a3egwe')
INSERT INTO [HoroscopeQrCodes]
([Id],[HoroscopeSignId],[HoroscopeSetId],[LongURL],[ShortURL])
 VALUES
           ('fd4f6bc6-51a2-48be-bdbd-766ceca2b386'
           ,'8D13BFFE-B02B-434E-AB3F-B3DB6C88B4B3'
           ,'{17E9DAFD-1B59-439E-BA5B-A0F6A00B4641}'
           ,'qrj.azurewebsites.net/PublicPages/Horoscope/View.aspx?id=fd4f6bc6-51a2-48be-bdbd-766ceca2b386'
           ,'goo.gl/MMb6hG')
INSERT INTO [HoroscopeQrCodes]
([Id],[HoroscopeSignId],[HoroscopeSetId],[LongURL],[ShortURL])
 VALUES
           ('52e92857-ffe5-4f21-985b-67db7a68e6cb'
           ,'25B24B4F-C712-4192-A695-D07B7D3C96EA'
           ,'{17E9DAFD-1B59-439E-BA5B-A0F6A00B4641}'
           ,'qrj.azurewebsites.net/PublicPages/Horoscope/View.aspx?id=52e92857-ffe5-4f21-985b-67db7a68e6cb'
           ,'goo.gl/jVEE4g')
INSERT INTO [HoroscopeQrCodes]
([Id],[HoroscopeSignId],[HoroscopeSetId],[LongURL],[ShortURL])
 VALUES
           ('51b7bce1-4427-463f-8946-cca26e103e33'
           ,'5A9CDF4A-A2FC-4828-ACE9-BF6FC878C81E'
           ,'{17E9DAFD-1B59-439E-BA5B-A0F6A00B4641}'
           ,'qrj.azurewebsites.net/PublicPages/Horoscope/View.aspx?id=651b7bce1-4427-463f-8946-cca26e103e33'
           ,'goo.gl/UbvfpL')
INSERT INTO [HoroscopeQrCodes]
([Id],[HoroscopeSignId],[HoroscopeSetId],[LongURL],[ShortURL])
 VALUES
           ('a4da7b74-7a45-4e3e-9607-62660449a91c'
           ,'25FEB136-6DFF-4BAC-8A0A-38C408D6B6B3'
           ,'{17E9DAFD-1B59-439E-BA5B-A0F6A00B4641}'
           ,'qrj.azurewebsites.net/PublicPages/Horoscope/View.aspx?id=a4da7b74-7a45-4e3e-9607-62660449a91c'
           ,'goo.gl/IIJIZT')
INSERT INTO [HoroscopeQrCodes]
([Id],[HoroscopeSignId],[HoroscopeSetId],[LongURL],[ShortURL])
 VALUES
           ('890ed29e-3885-418e-901a-3012ca7a36fc'
           ,'E1677556-2E44-4761-80C1-307374209A41'
           ,'{17E9DAFD-1B59-439E-BA5B-A0F6A00B4641}'
           ,'qrj.azurewebsites.net/PublicPages/Horoscope/View.aspx?id=890ed29e-3885-418e-901a-3012ca7a36fc'
           ,'goo.gl/Iqq82Z')
INSERT INTO [HoroscopeQrCodes]
([Id],[HoroscopeSignId],[HoroscopeSetId],[LongURL],[ShortURL])
 VALUES
           ('f4f57eb6-6684-45ac-9f47-5635d305d926'
           ,'4CD31193-D4E6-45AF-A3AC-86F0FB2BA8DD'
           ,'{17E9DAFD-1B59-439E-BA5B-A0F6A00B4641}'
           ,'qrj.azurewebsites.net/PublicPages/Horoscope/View.aspx?id=f4f57eb6-6684-45ac-9f47-5635d305d926'
           ,'goo.gl/qBzi3r')
INSERT INTO [HoroscopeQrCodes]
([Id],[HoroscopeSignId],[HoroscopeSetId],[LongURL],[ShortURL])
 VALUES
           ('04f4a380-55b8-4075-b84b-035496b51a4a'
           ,'CB69544B-811E-4396-91F6-9F8204C93BFF'
           ,'{17E9DAFD-1B59-439E-BA5B-A0F6A00B4641}'
           ,'qrj.azurewebsites.net/PublicPages/Horoscope/View.aspx?id=04f4a380-55b8-4075-b84b-035496b51a4a'
           ,'goo.gl/GL4WX2')
INSERT INTO [HoroscopeQrCodes]
([Id],[HoroscopeSignId],[HoroscopeSetId],[LongURL],[ShortURL])
 VALUES
           ('e053b3f3-fff0-4fe0-8e62-a871a6043787'
           ,'1F38C417-B306-4FAE-967B-4C09A646BC8D'
           ,'{17E9DAFD-1B59-439E-BA5B-A0F6A00B4641}'
           ,'qrj.azurewebsites.net/PublicPages/Horoscope/View.aspx?id=e053b3f3-fff0-4fe0-8e62-a871a6043787'
           ,'goo.gl/aKyGbT')



INSERT INTO [HoroscopeQrCodes]
([Id],[HoroscopeSignId],[HoroscopeSetId],[LongURL],[ShortURL])
 VALUES
           ('c277f126-15a8-4cb0-b69e-318331fe57aa'
           ,'FC9C8C6A-95E1-4A73-B7D3-4FD4E952CE9E'
           ,'{24081DF7-3C4E-430D-B75E-ACA7AD9C5E4B}'
           ,'qrj.azurewebsites.net/PublicPages/Horoscope/View.aspx?id=c277f126-15a8-4cb0-b69e-318331fe57aa'
           ,'goo.gl/zHpr6w')
INSERT INTO [HoroscopeQrCodes]
([Id],[HoroscopeSignId],[HoroscopeSetId],[LongURL],[ShortURL])
 VALUES
           ('93874e65-1bd8-480c-b57f-866fe6739142'
           ,'C18B06A0-7D6D-4525-B107-0F55AC182CFC'
           ,'{24081DF7-3C4E-430D-B75E-ACA7AD9C5E4B}'
           ,'qrj.azurewebsites.net/PublicPages/Horoscope/View.aspx?id=93874e65-1bd8-480c-b57f-866fe6739142'
           ,'goo.gl/SvFmgE')
INSERT INTO [HoroscopeQrCodes]
([Id],[HoroscopeSignId],[HoroscopeSetId],[LongURL],[ShortURL])
 VALUES
           ('c7aed799-156c-4b0c-9577-c7ef1bdedf07'
           ,'5484FFAF-D432-4459-955E-F618539FC430'
           ,'{24081DF7-3C4E-430D-B75E-ACA7AD9C5E4B}'
           ,'qrj.azurewebsites.net/PublicPages/Horoscope/View.aspx?id=c7aed799-156c-4b0c-9577-c7ef1bdedf07'
           ,'goo.gl/L0pUJf')
INSERT INTO [HoroscopeQrCodes]
([Id],[HoroscopeSignId],[HoroscopeSetId],[LongURL],[ShortURL])
 VALUES
           ('ab8e1a3e-cf19-47ae-8296-ffa9e699c1b2'
           ,'1DF90C69-A9F0-4B02-BCEE-7575477D4BC7'
           ,'{24081DF7-3C4E-430D-B75E-ACA7AD9C5E4B}'
           ,'qrj.azurewebsites.net/PublicPages/Horoscope/View.aspx?id=ab8e1a3e-cf19-47ae-8296-ffa9e699c1b2'
           ,'goo.gl/vEpwqk')
INSERT INTO [HoroscopeQrCodes]
([Id],[HoroscopeSignId],[HoroscopeSetId],[LongURL],[ShortURL])
 VALUES
           ('2aff80bc-b189-4e4e-b22e-c2b13b1b08ac'
           ,'8D13BFFE-B02B-434E-AB3F-B3DB6C88B4B3'
           ,'{24081DF7-3C4E-430D-B75E-ACA7AD9C5E4B}'
           ,'qrj.azurewebsites.net/PublicPages/Horoscope/View.aspx?id=2aff80bc-b189-4e4e-b22e-c2b13b1b08ac'
           ,'goo.gl/5LeLTM')
INSERT INTO [HoroscopeQrCodes]
([Id],[HoroscopeSignId],[HoroscopeSetId],[LongURL],[ShortURL])
 VALUES
           ('6392edf7-7a8e-4a79-8ea7-2bb1189a77c1'
           ,'25B24B4F-C712-4192-A695-D07B7D3C96EA'
           ,'{24081DF7-3C4E-430D-B75E-ACA7AD9C5E4B}'
           ,'qrj.azurewebsites.net/PublicPages/Horoscope/View.aspx?id=6392edf7-7a8e-4a79-8ea7-2bb1189a77c1'
           ,'goo.gl/Qs3kqG')
INSERT INTO [HoroscopeQrCodes]
([Id],[HoroscopeSignId],[HoroscopeSetId],[LongURL],[ShortURL])
 VALUES
           ('d27dba2a-929d-4fd3-b0aa-1fd76c8d1b0f'
           ,'5A9CDF4A-A2FC-4828-ACE9-BF6FC878C81E'
           ,'{24081DF7-3C4E-430D-B75E-ACA7AD9C5E4B}'
           ,'qrj.azurewebsites.net/PublicPages/Horoscope/View.aspx?id=d27dba2a-929d-4fd3-b0aa-1fd76c8d1b0f'
           ,'goo.gl/4hmz2d')
INSERT INTO [HoroscopeQrCodes]
([Id],[HoroscopeSignId],[HoroscopeSetId],[LongURL],[ShortURL])
 VALUES
           ('5ae4db19-653c-4d6d-bce3-151f93bbd86e'
           ,'25FEB136-6DFF-4BAC-8A0A-38C408D6B6B3'
           ,'{24081DF7-3C4E-430D-B75E-ACA7AD9C5E4B}'
           ,'qrj.azurewebsites.net/PublicPages/Horoscope/View.aspx?id=5ae4db19-653c-4d6d-bce3-151f93bbd86e'
           ,'goo.gl/u8u6Ul')
INSERT INTO [HoroscopeQrCodes]
([Id],[HoroscopeSignId],[HoroscopeSetId],[LongURL],[ShortURL])
 VALUES
           ('d2553092-ad56-4844-8472-523f98eccac0'
           ,'E1677556-2E44-4761-80C1-307374209A41'
           ,'{24081DF7-3C4E-430D-B75E-ACA7AD9C5E4B}'
           ,'qrj.azurewebsites.net/PublicPages/Horoscope/View.aspx?id=d2553092-ad56-4844-8472-523f98eccac0'
           ,'goo.gl/YhdoWU')
INSERT INTO [HoroscopeQrCodes]
([Id],[HoroscopeSignId],[HoroscopeSetId],[LongURL],[ShortURL])
 VALUES
           ('e7724021-1632-41bb-be79-ca66f7071186'
           ,'4CD31193-D4E6-45AF-A3AC-86F0FB2BA8DD'
           ,'{24081DF7-3C4E-430D-B75E-ACA7AD9C5E4B}'
           ,'qrj.azurewebsites.net/PublicPages/Horoscope/View.aspx?id=e7724021-1632-41bb-be79-ca66f7071186'
           ,'goo.gl/FsgCA5')
INSERT INTO [HoroscopeQrCodes]
([Id],[HoroscopeSignId],[HoroscopeSetId],[LongURL],[ShortURL])
 VALUES
           ('929b8163-ad9b-4ac8-a442-e5760f77137f'
           ,'CB69544B-811E-4396-91F6-9F8204C93BFF'
           ,'{24081DF7-3C4E-430D-B75E-ACA7AD9C5E4B}'
           ,'qrj.azurewebsites.net/PublicPages/Horoscope/View.aspx?id=929b8163-ad9b-4ac8-a442-e5760f77137f'
           ,'goo.gl/e88PZx')
INSERT INTO [HoroscopeQrCodes]
([Id],[HoroscopeSignId],[HoroscopeSetId],[LongURL],[ShortURL])
 VALUES
           ('4c2c6dff-da1a-43a6-8586-7fbbca4b7bf3'
           ,'1F38C417-B306-4FAE-967B-4C09A646BC8D'
           ,'{24081DF7-3C4E-430D-B75E-ACA7AD9C5E4B}'
           ,'qrj.azurewebsites.net/PublicPages/Horoscope/View.aspx?id=4c2c6dff-da1a-43a6-8586-7fbbca4b7bf3'
           ,'goo.gl/xofaF1')